BAIRRO,POPULAÇÃO,14-04,16-04,17-04,20-04,22-04,23-04,24-04,27-04,28-04,29-04,30-04,04-05,05-05,06-05,07-05,12-05,13-05,14-05,15-04,22-05,27-05,02-06,09-06,15-06,16-06,17-06,18-06,19-06,20-06,21-06,22-06,23-06,24-06,25-06,01-07,06-07,08-07,09-07,10-07,14-07,15-07,16-07,17-07,18-07,19-07,20-07,23-07,24-07,28-07,29-07,30-07,03-08,08-08,11-08,12-08,17-08,19-08,18-08,21-08,20-08,22-08,25-08,29-08,30-08,03-09,06-09
ACUPE,11213,6,6,6,7,7,8,9,9,9,9,9,9,11,11,11,11,11,12,12,21,28,52,60,74,74,83,86,89,103,90,90,92,97,102,162,178,179,180,184,200,201,201,201,205,206,206,220,222,236,247,250,264,282,289,292,318,329,321,330,329,339,339,346,346,350,356
ÁGUAS CLARAS,37029,1,2,2,3,3,3,3,4,4,5,6,8,8,8,10,11,12,14,14,20,25,104,142,166,181,185,187,189,215,210,214,219,232,239,342,351,369,422,426,441,444,444,444,444,444,445,506,509,524,549,553,571,774,869,905,1074,1220,1159,1312,1277,1343,1381,1422,1424,1448,1459
ALTO DO COQUEIRINHO,11145,1,1,1,1,1,1,1,1,1,1,1,1,1,1,1,1,1,1,2,2,2,11,27,35,37,37,38,37,39,39,39,42,45,46,57,70,71,76,77,84,84,84,84,84,84,84,95,101,106,108,110,117,120,127,127,135,139,136,140,140,141,142,144,144,145,149
AMARALINA,4125,2,2,2,2,2,2,2,2,2,2,2,3,3,4,4,5,5,5,6,13,16,42,58,84,87,92,94,95,100,97,99,102,106,113,144,164,172,183,184,198,198,198,198,198,198,199,221,229,237,240,241,249,266,271,274,294,300,297,305,302,310,312,328,328,337,339
ARENOSO,16604,4,4,4,5,5,5,5,5,5,5,5,5,5,5,5,5,5,5,7,14,19,49,64,82,86,90,92,94,112,100,103,109,111,111,166,189,189,190,200,217,217,217,218,222,223,223,251,263,286,304,312,334,361,374,376,393,396,395,404,403,407,412,419,419,426,429
BAIRRO DA PAZ,19407,3,3,3,3,3,3,3,3,3,3,4,5,5,6,6,6,6,6,6,10,12,31,53,61,62,66,67,70,79,76,78,79,81,83,110,119,122,127,130,130,130,130,134,135,135,135,145,147,152,160,163,170,180,184,187,198,207,200,212,211,215,216,227,227,231,238
BARRA,17298,12,14,15,16,18,18,18,18,18,19,20,23,23,23,23,23,23,26,27,40,45,130,194,225,239,251,256,264,287,248,248,253,262,277,448,458,458,458,458,477,478,478,478,479,480,480,496,505,540,540,540,550,582,603,609,637,648,643,659,656,661,665,680,681,597,609
BARRIS,4845,1,2,2,2,4,4,4,4,4,4,4,4,4,4,4,4,4,4,4,5,6,29,38,43,45,46,49,49,55,53,53,53,53,55,84,94,98,102,102,105,105,105,107,108,109,109,116,116,123,125,126,129,140,143,145,162,168,166,172,170,173,175,180,180,180,187
BEIRU/TANCREDO NEVES,50416,2,2,2,2,3,6,8,9,9,13,13,13,13,13,15,17,18,19,22,28,69,159,244,301,313,327,330,336,375,358,360,369,382,391,564,660,660,674,698,747,748,804,820,839,841,843,965,993,1046,1127,1144,1215,1298,1346,1359,1428,1450,1437,1468,1459,1478,1499,1532,1532,1545,1566
BOCA DO RIO,48032,5,5,5,6,7,8,9,10,10,10,11,11,11,11,11,11,11,11,15,35,52,123,176,243,259,278,280,285,310,308,312,325,339,355,477,527,562,578,588,621,622,638,642,646,649,652,714,727,771,822,851,912,1008,1046,1056,1126,1155,1133,1179,1172,1191,1203,1251,1253,1295,1306
BONFIM,9446,5,5,6,11,12,17,20,20,20,27,29,31,32,34,36,38,39,39,46,56,67,112,132,154,159,163,164,166,180,159,159,165,168,173,232,237,240,243,249,266,266,266,266,269,270,270,285,286,303,303,308,316,327,337,340,359,365,361,369,367,373,377,382,383,391,393
BROTAS,70158,27,32,32,33,33,36,40,42,46,46,50,52,52,53,56,56,57,57,64,96,123,373,509,597,636,665,677,684,750,719,725,750,793,826,1104,1195,1267,1307,1328,1404,1406,1437,1448,1458,1462,1469,1603,1620,1698,1711,1726,1792,1909,1948,1962,2072,2115,2084,2148,2138,2164,2189,2272,2275,2035,2046
CABULA,23869,8,9,9,9,11,12,13,14,15,17,17,17,18,18,24,29,29,31,31,53,84,196,255,333,343,354,356,358,436,439,440,463,488,517,660,734,757,840,852,889,890,890,890,890,896,898,990,998,1031,1060,1072,1110,1147,1178,1188,1261,1279,1272,1298,1294,1307,1341,1361,1363,1386,1408
CAIXA D’ÁGUA,22446,1,4,5,6,6,6,7,8,8,10,11,13,13,13,14,14,16,17,18,23,38,107,132,182,192,204,209,216,236,199,199,203,216,225,338,346,358,369,376,410,410,410,415,417,422,423,457,457,488,488,492,510,521,527,532,570,583,578,590,586,590,596,605,605,618,621
CAJAZEIRAS II,1137,3,3,3,3,3,3,3,3,3,3,3,3,3,3,3,3,3,3,3,4,4,5,8,10,12,12,12,12,11,8,8,8,9,9,16,24,31,39,40,41,46,46,46,46,56,56,56,56,56,56,56,56,56,56,56,56,56,56,56,56,56,56,56,56,49,49
CAJAZEIRAS XI,16899,3,3,3,3,4,4,4,4,4,4,6,6,6,7,7,9,9,10,10,33,70,23,26,36,38,41,42,43,47,45,46,46,49,49,69,78,82,86,90,90,117,137,139,147,147,149,158,160,161,164,165,175,258,298,307,357,365,359,437,422,463,486,514,515,523,524
CAMINHO DAS ÁRVORES,12323,8,8,8,8,8,8,8,8,10,10,10,11,11,14,17,19,22,22,23,33,38,108,130,164,171,175,176,177,199,200,201,209,213,223,274,287,297,307,320,331,331,337,341,343,344,344,368,377,394,402,408,419,437,448,451,473,484,482,489,488,493,503,518,519,528,533
CAMINHO DE AREIA,12318,4,4,4,4,5,8,11,11,11,11,11,12,12,12,12,12,12,12,14,17,20,43,50,61,64,67,67,68,71,66,67,69,72,73,98,106,110,116,120,130,130,130,130,133,133,134,145,146,151,153,154,162,169,175,176,183,188,185,190,190,190,191,198,198,201,203
CAMPINAS DE PIRAJÁ,11673,2,2,2,2,2,2,2,3,3,3,4,4,4,4,4,4,4,4,4,6,10,46,66,88,87,92,90,92,98,92,92,95,98,102,150,167,177,187,191,193,193,193,193,193,195,195,222,223,226,240,241,250,262,268,269,286,297,293,304,303,306,306,311,311,317,322
CANDEAL,13553,5,6,6,6,6,6,7,7,7,7,7,7,7,7,7,9,11,11,13,15,19,71,102,130,140,151,153,154,171,170,172,182,187,192,243,258,269,286,288,299,300,300,300,300,302,302,319,323,328,334,336,341,371,384,388,404,415,408,420,420,423,431,447,449,456,462
CANELA,5339,3,3,4,5,5,5,5,7,7,7,7,7,7,7,7,8,8,8,8,12,16,39,44,57,59,59,60,60,68,65,67,68,68,69,79,88,88,90,91,103,103,107,107,107,108,108,118,119,122,124,124,128,140,145,146,154,156,156,156,156,159,161,169,170,174,174
CAPELINHA,16033,1,1,1,1,2,2,2,2,2,2,2,2,6,6,7,8,8,8,8,8,9,26,47,63,66,68,67,67,73,71,72,72,76,78,123,133,133,135,135,147,147,149,149,150,150,150,160,164,171,174,174,178,187,189,190,200,208,207,213,213,214,215,218,219,227,230
CASSANGE,4633,2,2,2,2,2,2,2,2,2,2,2,2,2,2,2,2,2,2,2,2,2,7,7,8,9,9,9,9,10,9,9,10,10,10,16,26,29,32,36,36,36,36,36,36,36,36,36,36,36,36,36,40,44,45,45,47,49,48,51,50,51,52,53,53,56,58
CENTRO,15695,2,2,2,2,2,2,2,2,2,2,2,2,3,4,4,4,4,4,4,17,33,153,180,218,231,330,246,249,267,265,267,267,278,286,491,501,516,519,544,566,567,567,567,580,588,590,726,744,768,828,841,912,980,1020,1045,1091,1118,1109,1131,1124,1137,1155,1184,1186,36,37
CHAME-CHAME,-,1,1,1,1,,,,,,,,,,,,,,,,,,,,,,,,,,,,,,,,,,,,,,,,,,,,,,,,,,,,,,,,,,,,,871,882
CIDADE NOVA,18722,1,1,1,1,3,3,3,3,3,3,3,6,8,8,9,9,10,10,10,17,25,84,101,113,116,127,128,129,136,136,136,140,150,154,196,213,240,252,256,273,274,274,275,275,278,278,308,308,319,331,334,347,371,379,379,394,404,402,411,406,415,425,434,434,442,447
COSME DE FARIAS,38341,1,2,2,3,3,5,5,6,6,6,9,9,9,9,13,19,20,21,24,45,62,147,226,266,284,295,299,305,334,313,317,327,337,345,461,489,537,590,591,611,612,612,612,614,616,616,717,738,767,777,783,825,854,871,873,917,926,922,940,937,946,960,981,981,994,997
COSTA AZUL,20204,3,3,3,4,4,4,4,4,4,4,4,4,5,6,7,11,11,13,13,20,28,91,122,142,153,159,161,164,178,175,176,190,193,202,274,293,311,324,327,349,350,356,356,359,359,360,377,383,388,390,391,407,419,421,422,446,449,446,459,456,463,468,478,478,489,493
DORON,7378,3,4,4,4,4,4,6,6,6,6,7,7,7,7,8,14,14,15,16,21,22,42,53,67,68,70,73,73,78,68,70,73,78,82,112,123,125,132,138,143,143,147,147,147,149,149,160,160,165,170,172,180,190,191,194,207,214,212,222,220,224,229,235,235,236,238
ENGENHO VELHO DA FEDERAÇÃO,24555,1,7,8,8,10,11,11,11,11,11,11,11,12,12,13,17,17,17,17,26,29,65,91,116,118,125,131,132,148,142,143,148,155,163,281,327,347,380,386,393,395,396,407,419,422,423,478,481,505,520,526,545,576,585,588,610,624,613,631,629,632,642,655,655,670,675
ENGENHO VELHO DE BROTAS,25703,16,16,17,17,17,18,18,20,20,20,24,24,25,25,25,27,28,30,32,41,57,94,133,159,164,173,178,180,218,206,211,220,237,257,425,499,522,522,539,553,556,563,576,583,585,585,642,651,687,709,725,753,797,823,829,893,911,903,931,925,941,953,976,979,994,1005
ENGOMADEIRA,12550,1,1,1,1,1,1,1,1,1,1,1,1,1,1,2,2,2,2,2,4,7,28,44,54,56,64,68,69,78,72,76,85,86,89,131,143,146,159,159,169,169,169,169,172,174,175,200,201,210,222,225,237,257,276,280,304,315,308,316,315,317,319,338,338,342,346
FAZENDA COUTOS,24255,2,5,5,6,7,7,8,10,10,10,10,10,10,10,11,11,13,14,16,20,38,86,108,133,137,139,142,144,152,138,139,143,146,148,226,254,268,288,289,302,303,304,308,312,314,314,378,394,421,456,462,521,579,609,635,712,773,741,779,777,782,788,801,803,821,826
FAZENDA GRANDE DO RETIRO,53806,3,3,5,5,9,9,10,10,11,11,11,11,15,16,17,19,19,20,25,51,80,217,352,425,440,461,464,474,520,487,493,505,523,539,766,840,903,968,979,1013,1017,1017,1017,1019,1036,1038,1147,1165,1215,1238,1254,1321,1413,1442,1457,1553,1590,1576,1613,1609,1630,1639,1693,1695,1727,1740
FAZENDA GRANDE II,18159,5,5,5,6,7,8,8,8,8,8,8,8,8,8,8,8,8,8,8,9,11,12,23,22,24,24,23,24,34,31,32,32,35,35,64,74,74,74,74,74,107,123,152,187,188,188,198,199,210,210,211,217,283,312,316,351,364,353,413,395,433,458,475,475,478,483
FAZENDA GRANDE III,7464,1,1,1,3,4,4,4,4,4,5,5,5,5,7,8,8,8,8,8,13,14,8,10,10,10,11,11,13,16,13,13,13,13,14,23,31,35,35,39,39,69,69,69,69,69,69,69,69,69,70,75,77,92,100,103,116,117,116,131,131,136,136,137,138,143,144
FEDERAÇÃO,36362,13,15,15,15,18,19,21,23,23,23,26,29,31,32,34,38,38,40,40,52,66,182,243,300,309,317,325,335,372,349,351,369,387,398,612,690,734,783,792,824,827,831,836,859,863,866,932,955,1006,1036,1062,1123,1219,1253,1267,1361,1397,1381,1423,1410,1432,1451,1484,1484,1505,1512
GARCIA,14180,2,6,6,6,6,6,6,6,6,7,9,9,10,10,11,16,16,16,16,23,30,72,92,120,125,133,134,134,149,139,141,144,149,155,204,219,237,254,255,276,276,276,276,279,281,282,309,315,331,331,331,344,359,371,372,402,410,405,414,414,414,416,429,429,440,447
GRAÇA,18454,14,14,14,14,15,15,15,16,16,17,17,18,19,19,21,22,22,22,23,28,35,92,124,172,178,186,185,185,196,187,187,196,201,210,292,312,323,341,347,357,357,360,363,364,364,364,385,387,401,401,402,407,430,434,439,457,468,461,473,470,478,480,500,502,508,511
IAPI,24452,1,2,2,2,3,5,5,6,6,7,8,8,8,8,12,12,12,12,15,23,26,100,133,167,180,190,194,196,211,195,196,205,213,227,307,317,333,364,372,376,377,377,377,379,384,385,430,440,458,465,465,482,507,519,527,562,576,571,582,580,587,591,614,616,624,629
IMBUÍ,26540,19,19,19,19,21,22,22,23,24,24,24,24,24,26,26,27,28,29,31,47,65,159,211,260,270,290,289,290,320,306,310,325,356,372,504,540,554,567,586,616,616,623,624,627,630,632,674,684,723,746,758,798,862,897,905,947,966,951,981,977,986,999,1019,1020,1032,1040
ITACARANHA,16088,3,5,5,5,6,6,6,6,6,8,9,9,9,9,9,11,11,11,13,18,23,51,84,99,106,108,111,112,125,118,120,121,126,128,167,177,186,206,209,219,220,220,220,224,225,225,259,259,281,281,281,281,296,300,300,314,323,315,340,339,340,342,347,347,350,350
ITAIGARA,10874,10,10,10,11,11,11,11,11,12,12,12,16,16,16,17,17,17,19,20,29,35,84,113,144,150,154,155,156,164,157,157,174,183,193,330,342,357,367,370,380,381,381,381,381,384,384,401,405,415,418,423,429,445,454,457,474,481,477,484,482,484,487,497,497,502,505
ITAPUÃ,66961,11,12,12,12,12,14,16,16,16,16,16,20,20,21,21,25,25,25,28,58,83,213,293,379,396,426,435,447,502,484,494,508,535,552,761,844,893,953,970,985,985,1013,1023,1036,1040,1040,1141,1160,1208,1239,1252,1292,1393,1429,1443,1527,1591,1550,1605,1601,1614,1628,1673,1676,1711,1730
JARDIM ARMAÇÃO,3025,3,3,3,3,5,5,6,8,8,8,10,10,10,10,10,10,10,10,10,17,22,87,112,145,146,153,153,155,171,158,164,174,186,192,258,277,294,298,301,312,320,320,320,323,325,325,344,346,358,363,364,376,409,420,425,451,451,451,457,453,460,464,483,483,492,500
JARDIM CAJAZEIRAS,7572,1,2,2,2,2,2,2,2,2,2,2,2,2,2,2,2,2,2,2,3,5,17,25,31,35,37,39,39,45,40,42,44,47,50,78,88,97,100,103,112,114,114,114,114,114,114,123,128,130,135,140,144,152,155,155,165,169,166,169,169,170,177,177,177,178,185
JARDIM DAS MARGARIDAS,4592,2,2,2,4,4,4,4,4,4,4,4,4,4,4,4,4,4,4,6,15,20,52,74,91,94,100,106,109,111,109,109,109,109,110,141,167,176,182,182,195,196,202,202,204,204,204,225,227,231,233,236,243,254,260,260,275,283,277,288,288,288,292,303,304,308,319
JARDIM NOVA ESPERANÇA,14008,4,6,6,6,6,7,7,8,8,9,10,10,12,12,12,13,13,13,15,20,24,48,67,81,87,89,90,90,95,89,90,95,104,109,145,160,168,171,171,176,176,176,176,181,182,182,195,197,205,212,212,219,235,243,244,270,280,275,283,280,289,289,300,301,304,306
LIBERDADE,41802,4,5,5,9,15,15,21,21,21,22,24,25,25,26,29,30,31,32,38,66,95,237,318,405,415,427,428,433,474,452,456,458,468,492,646,706,750,814,825,864,869,869,875,877,883,888,995,1018,1075,1093,1112,1165,1260,1287,1295,1388,1453,1426,1466,1459,1477,1498,1536,1539,1566,1584
LOBATO,29169,2,3,3,6,7,8,8,8,8,8,9,11,14,14,17,20,21,21,29,51,77,171,218,271,282,296,300,302,330,307,310,311,325,337,431,452,502,543,550,563,564,564,564,564,571,572,616,622,634,648,651,672,714,725,730,761,849,793,852,852,859,866,885,886,929,970
MARECHAL RONDON,19470,5,5,5,5,5,5,5,5,5,5,5,5,5,6,7,7,9,9,10,18,25,58,81,102,103,106,108,108,111,105,107,110,112,115,164,172,174,192,197,205,205,205,205,209,210,210,248,249,259,262,264,276,304,313,313,333,339,336,346,345,349,351,370,371,379,380
MASSARANDUBA,20160,1,1,3,3,7,8,8,11,11,13,14,14,15,15,16,18,19,23,26,44,62,152,189,214,226,233,238,241,269,247,250,253,262,269,345,361,374,401,405,420,421,421,421,425,428,428,459,465,487,487,487,495,525,533,538,568,575,572,579,577,581,587,600,601,609,617
MATA ESCURA,32349,1,1,1,2,3,3,4,5,5,7,9,9,12,15,16,20,20,23,24,35,43,103,142,172,175,182,183,183,197,199,201,205,211,221,288,308,324,361,362,385,386,386,386,390,392,396,417,422,439,451,458,469,505,548,575,758,773,770,779,777,782,789,938,938,1021,1066
MUSSURUNGA,30838,4,6,6,6,6,6,7,9,9,11,11,11,13,14,14,20,20,20,21,31,39,84,123,160,169,183,188,190,209,196,197,205,213,220,288,312,324,354,358,381,382,382,382,386,386,386,434,442,460,469,473,489,523,542,548,586,602,597,615,610,615,622,637,637,652,663
NAZARÉ,12571,10,10,10,10,10,10,10,10,10,10,10,10,10,10,10,11,11,11,15,20,25,63,89,101,100,109,110,113,134,118,121,131,143,152,211,231,243,261,267,274,276,276,276,277,279,279,313,315,337,356,361,377,403,418,427,449,457,452,463,460,465,467,475,477,487,489
NORDESTE DE AMARALINA,21887,2,4,4,4,4,4,4,4,4,4,4,4,4,4,4,8,8,9,11,38,39,71,101,130,139,150,154,156,184,174,175,179,193,205,279,360,360,364,368,378,379,386,403,404,409,409,488,515,554,608,633,704,890,954,972,1115,1209,1160,1247,1242,1258,1295,1387,1387,1470,1484
NOVA BRASÍLIA,16716,4,4,4,5,6,9,10,12,12,12,12,12,12,12,13,13,13,14,15,23,32,100,136,154,161,170,174,177,199,183,183,188,196,199,286,307,327,350,354,387,387,387,387,393,395,395,437,444,469,477,480,503,543,562,573,613,638,626,650,644,658,668,680,680,695,705
ONDINA,20298,10,10,10,11,12,12,12,14,14,14,15,17,17,17,17,21,21,21,22,31,38,62,118,138,141,152,154,154,176,172,176,186,193,201,273,289,304,323,327,334,334,334,334,338,339,339,365,365,385,385,387,395,419,427,430,458,465,463,468,468,475,478,494,495,501,504
PARIPE,55039,1,3,3,5,5,6,7,7,7,8,8,8,8,9,9,9,12,13,17,33,48,172,237,292,306,315,318,323,360,337,340,352,379,394,562,606,639,686,704,732,736,741,748,756,764,764,845,857,890,922,932,990,1070,1091,1101,1188,1224,1203,1242,1235,1252,1261,1291,1294,1307,1315
PATAMARES,6156,17,17,17,21,26,26,29,30,33,34,37,37,37,38,39,42,42,44,44,47,57,121,150,166,172,179,180,182,195,194,197,216,222,237,355,362,375,382,385,396,396,401,401,406,408,408,436,439,456,461,467,476,492,498,500,534,544,537,554,552,555,560,580,580,589,597
PAU DA LIMA,24693,3,4,4,6,7,7,11,11,11,11,11,11,11,12,13,16,17,17,19,26,31,128,168,209,214,220,225,228,256,251,252,257,264,268,338,358,378,418,425,442,442,442,442,446,448,448,513,526,548,585,597,639,698,727,732,791,808,794,822,821,837,842,863,863,883,890
PERIPERI,47179,2,2,2,2,7,7,9,10,10,10,10,10,13,13,15,15,15,16,18,49,72,191,246,295,300,311,314,320,349,331,331,336,342,353,473,505,539,587,588,622,624,624,624,630,639,641,690,698,729,759,768,815,890,914,932,992,1019,1004,1040,1030,1061,1093,1133,1134,1081,1089
PERNAMBUÉS,64983,5,6,6,6,9,9,11,12,13,14,17,18,20,21,25,28,28,29,32,57,98,269,381,465,493,521,524,535,566,535,538,563,586,609,818,973,1081,1155,1169,1262,1264,1302,1307,1326,1347,1352,1521,1555,1655,1763,1793,1946,2172,2243,2255,2459,2518,2492,2555,2537,2574,2610,2781,2788,2914,2964
PIATÃ,11441,6,8,8,8,9,9,9,10,10,10,11,12,13,13,15,16,16,17,22,31,39,124,165,194,199,203,206,211,228,221,223,223,233,240,331,344,363,372,382,408,408,408,408,411,411,412,442,448,462,464,465,483,510,521,524,546,557,551,568,564,571,573,586,588,594,600
PITUAÇU,14881,3,3,3,3,3,3,5,6,6,8,8,8,8,8,8,8,8,8,9,14,15,73,92,114,117,122,125,125,132,125,126,130,137,143,190,207,223,243,251,260,260,260,260,266,270,272,298,307,322,326,332,344,373,378,383,399,409,403,413,411,415,423,444,445,456,459
PITUBA,65160,33,35,36,42,46,47,50,51,54,56,60,65,67,72,77,78,78,84,88,118,136,366,467,625,644,675,679,684,746,722,727,767,791,826,1131,1219,1275,1318,1342,1381,1381,1381,1381,1387,1402,1406,1530,1558,1605,1621,1641,1673,1796,1830,1849,1947,1978,1969,2003,1993,2016,2023,2071,2074,2102,2117
PLATAFORMA,34034,2,4,5,5,5,6,6,8,9,10,13,19,22,23,26,37,38,41,46,61,79,180,244,283,290,311,315,319,348,330,333,343,354,366,463,493,525,568,580,611,611,611,611,614,620,620,675,686,723,728,732,774,817,848,859,944,985,962,1034,1033,1044,1057,1100,1101,1009,1023
RESGATE,6708,1,1,2,2,2,2,2,2,2,2,2,2,2,2,3,3,3,3,3,4,10,26,30,34,38,39,39,39,43,42,42,43,45,46,61,77,77,82,82,90,90,93,93,95,95,96,104,105,108,118,123,129,144,148,148,148,151,148,152,151,152,154,156,156,158,160
RETIRO,262,2,2,2,2,3,3,3,3,3,3,3,3,3,3,3,3,3,3,3,4,5,11,14,14,14,16,16,16,17,19,20,20,20,20,25,34,37,38,40,41,41,41,41,42,42,43,46,50,50,55,56,59,61,61,63,64,64,64,64,64,64,65,68,68,70,71
RIBEIRA,19578,2,3,3,7,7,7,8,10,10,10,11,11,14,14,17,20,20,21,24,41,60,132,165,213,214,223,225,230,253,235,239,250,259,269,347,375,396,421,434,455,456,456,456,459,464,465,513,526,541,543,551,564,587,600,601,631,638,632,644,640,645,649,659,663,672,677
RIO VERMELHO,18334,12,12,12,14,17,18,18,18,18,19,19,19,19,19,22,25,25,25,27,34,48,132,167,206,212,216,222,223,244,238,240,248,260,275,379,407,428,451,454,471,472,474,479,485,486,487,522,529,551,558,566,585,614,630,634,675,689,682,705,701,707,712,755,759,787,800
SABOEIRO,6682,2,2,2,2,2,2,2,2,2,2,2,2,2,2,3,3,3,3,3,9,11,35,41,59,63,68,69,70,71,71,71,75,79,81,126,147,155,162,165,170,170,171,171,171,175,175,198,208,216,223,224,234,253,267,268,288,296,290,302,301,302,341,341,341,323,327
SANTA CRUZ,27083,2,2,2,2,2,2,2,2,3,3,4,4,4,5,5,6,6,7,7,18,37,109,168,219,223,240,245,245,268,255,258,263,277,295,452,503,550,585,591,624,624,627,670,677,680,681,818,868,920,992,1037,1140,1326,1390,1410,1589,1674,1639,1724,1715,1751,1789,1988,1990,2093,2123
SÃO CAETANO,51159,2,2,2,3,3,3,3,4,4,4,4,5,5,5,6,10,10,10,13,30,56,163,231,264,272,285,290,294,323,304,310,320,336,350,450,497,517,574,582,610,611,611,611,615,618,618,697,703,755,758,768,788,831,845,852,903,919,911,931,926,939,953,978,980,991,1000
SÃO CRISTÓVÃO,53906,1,1,1,2,3,3,4,4,5,5,6,7,7,8,9,10,12,13,18,34,48,98,142,204,224,236,240,243,271,258,262,276,296,309,448,506,544,575,581,585,586,603,616,623,627,629,727,783,828,908,935,1046,1180,1227,1245,1333,1374,1352,1398,1388,1412,1433,1477,1479,1564,1598
SÃO MARCOS,28591,5,5,5,7,8,9,9,14,14,14,14,15,15,15,16,19,23,23,27,60,78,230,307,393,405,412,416,425,472,440,451,467,473,487,670,702,740,792,802,830,830,831,842,855,859,860,917,929,968,992,1005,1045,1110,1143,1155,1229,1252,1235,1275,1262,1285,1299,1322,1323,1338,1351
SETE DE ABRIL,18215,1,1,1,1,2,2,2,2,2,2,2,2,3,3,4,5,5,6,6,14,23,72,97,112,116,120,121,124,131,127,129,129,137,148,202,218,219,237,241,249,250,252,254,254,256,257,280,283,296,310,314,324,337,340,346,365,386,382,391,390,391,394,403,403,410,413
STELLA MARIS,20641,4,5,5,6,6,6,6,6,9,9,9,9,9,9,9,10,10,13,13,19,41,94,122,164,175,180,182,184,193,186,187,190,200,206,283,297,313,325,332,352,352,352,356,357,359,359,393,395,411,411,420,430,454,461,465,483,493,488,498,495,498,505,519,519,530,533
STIEP,13646,2,2,2,2,3,4,4,4,4,4,4,4,5,7,8,9,9,9,9,12,17,58,78,93,98,102,104,105,111,106,106,110,112,116,162,173,173,176,180,180,180,180,180,183,185,187,197,199,207,212,218,224,238,243,246,263,271,268,274,273,275,280,285,286,291,295
SUSSUARANA,28809,2,4,4,6,10,12,12,12,12,12,12,12,13,15,17,18,18,19,21,39,57,163,219,261,276,301,307,312,336,310,313,334,352,363,471,529,551,591,592,615,616,616,616,623,626,626,674,688,714,742,755,779,821,853,857,903,922,912,935,932,939,955,967,968,978,989
URUGUAI,30370,6,6,6,11,13,14,18,18,21,21,23,24,26,27,28,29,30,36,43,67,82,212,259,305,314,325,331,337,361,336,337,348,362,367,459,479,495,534,543,565,566,572,572,575,585,585,622,624,646,647,653,678,700,716,725,784,804,790,813,810,816,820,849,849,862,874
VALE DOS LAGOS,12860,1,2,2,2,2,2,2,2,2,2,2,2,2,2,2,3,3,3,3,4,5,11,12,16,17,18,18,18,20,20,20,21,21,22,23,38,42,47,47,50,50,50,50,50,50,50,50,50,50,50,50,50,50,50,50,50,50,50,50,50,50,51,51,51,52,52
VALERIA,26210,1,1,1,1,1,1,2,2,2,2,2,2,2,2,2,5,5,5,5,8,20,61,90,124,129,135,136,140,148,134,136,148,156,160,232,243,249,278,281,296,297,297,297,303,306,306,343,352,375,375,375,380,407,410,414,452,463,459,474,468,476,479,488,488,500,503
VILA CANÁRIA,11218,1,1,1,1,1,1,1,1,1,2,2,2,3,3,3,4,4,4,5,5,9,36,50,68,70,73,75,77,84,75,77,78,87,88,121,135,138,147,153,155,156,159,160,165,165,165,184,185,193,198,200,206,227,230,231,250,265,257,272,269,276,282,293,294,304,308
VILA LAURA,14524,4,4,4,4,4,4,4,4,4,4,4,4,6,6,6,9,9,10,10,20,26,92,126,169,174,181,181,181,205,200,203,216,225,234,293,310,323,338,339,347,348,348,348,351,352,353,373,381,404,414,419,429,450,458,459,485,491,487,498,496,499,505,520,522,532,534
VILA RUY BARBOSA/JARDIM CRUZEIRO,19448,1,1,1,1,2,4,4,4,4,4,4,6,6,6,6,6,6,7,7,14,26,104,139,171,180,188,191,194,207,192,194,196,199,208,254,275,286,305,309,327,327,327,327,332,333,333,356,360,379,383,387,394,409,415,417,443,449,447,457,454,457,461,474,475,477,481
VITÓRIA,5225,1,1,2,3,4,4,4,5,5,5,9,9,9,9,9,9,9,10,11,12,13,33,41,57,58,58,59,60,67,70,71,73,78,80,104,117,121,125,128,131,131,131,131,131,131,131,134,134,136,137,139,141,149,152,152,157,164,160,166,164,166,168,170,170,173,173
ALTO DA TEREZINHA,14010,0,3,3,3,3,3,3,3,3,4,6,6,6,6,7,7,7,7,7,11,11,18,23,24,24,26,28,27,28,27,28,29,29,33,44,55,61,62,62,66,67,67,67,67,67,67,77,79,86,88,90,91,92,93,93,97,98,98,99,99,101,101,105,105,107,108
BOCA DA MATA,8068,0,2,2,2,3,3,3,3,3,4,5,5,5,5,6,6,6,7,8,10,16,24,29,42,45,47,48,48,58,52,52,56,57,57,78,85,86,94,95,99,99,99,99,107,107,107,118,118,119,123,124,129,152,160,166,189,193,191,212,205,226,240,248,248,253,255
BOM JUÁ,15528,0,2,2,2,2,2,2,2,2,2,2,2,2,2,2,2,2,2,2,2,3,2,5,6,6,7,7,7,8,8,8,8,9,9,10,22,27,37,37,40,40,40,40,40,40,40,42,43,43,43,43,44,45,45,45,47,48,47,48,48,48,49,49,49,49,50
COUTOS,26005,0,1,1,1,2,3,3,3,3,3,3,3,3,4,4,5,5,5,7,17,29,118,156,177,181,191,194,193,208,200,202,206,216,223,283,315,333,360,363,380,381,381,381,383,387,387,413,417,447,464,469,494,533,549,562,601,615,606,622,620,623,631,653,653,637,644
PERO VAZ,22054,0,1,1,3,4,4,4,4,4,6,6,7,8,9,9,10,10,11,12,21,31,100,139,172,178,188,191,191,203,187,188,188,194,197,253,274,291,309,313,325,327,327,327,330,331,331,372,382,396,404,409,426,454,477,482,511,534,525,540,538,544,549,560,560,568,571
PIRAJÁ,33341,0,1,3,4,4,4,4,5,5,5,5,5,5,5,6,14,14,14,21,34,51,109,156,187,196,204,208,213,235,225,233,239,252,262,345,363,387,429,435,447,447,447,447,447,452,454,496,496,514,516,522,552,649,665,672,741,761,759,773,770,773,784,898,900,980,1010
PRAIA GRANDE,6091,0,1,1,1,1,2,2,2,2,3,3,3,3,3,3,3,3,3,3,7,12,44,75,91,97,98,100,100,103,99,100,102,102,106,140,150,157,167,169,174,176,176,177,179,180,181,191,194,203,205,205,215,229,240,243,257,265,261,269,267,273,277,282,282,286,287
BARBALHO,9227,0,0,0,1,1,1,1,1,1,2,2,2,2,6,8,9,9,9,10,15,22,61,76,97,101,103,104,106,112,96,97,97,103,108,154,161,165,170,173,181,181,181,181,183,187,187,199,202,214,214,216,220,230,238,241,250,260,252,263,263,263,270,272,273,279,283
NOVO HORIZONTE,12952,0,0,0,1,1,2,2,2,2,2,2,2,2,4,4,4,4,4,6,10,13,32,30,37,40,41,42,43,43,41,42,44,45,49,66,72,78,79,80,84,86,88,89,90,90,90,91,92,97,104,104,112,121,127,129,132,136,134,137,137,138,140,144,144,145,146
ALTO DO CABRITO,17051,0,0,0,0,2,2,2,2,2,2,2,2,2,4,4,4,4,4,4,7,12,67,67,85,88,97,98,99,104,99,101,106,106,106,137,150,154,157,158,162,163,164,168,168,168,168,174,175,182,182,182,187,197,201,203,211,215,213,220,219,223,226,237,238,248,256
BAIXA DE QUINTAS,2135,0,0,0,0,1,1,1,1,1,1,1,1,1,1,1,1,1,1,1,4,7,22,31,35,39,39,39,39,44,40,41,44,46,49,59,63,67,67,70,79,80,80,80,80,81,81,87,87,87,87,87,90,98,102,102,110,110,110,111,111,114,115,117,117,117,119
DOM AVELAR,11842,0,0,0,0,1,1,1,1,1,1,1,1,1,1,2,2,3,3,3,4,5,29,37,51,57,60,62,63,68,66,66,68,76,78,106,114,123,131,134,137,137,137,137,137,138,138,149,155,158,165,166,169,186,198,203,214,226,218,231,231,234,239,254,254,260,264
MONTE SERRAT,6590,0,0,0,0,1,2,2,2,2,2,2,2,2,2,3,4,4,4,4,5,6,17,25,32,32,33,33,33,37,38,38,41,43,43,65,78,78,78,82,82,82,82,82,82,82,82,85,87,90,93,96,100,107,111,112,114,119,114,122,122,122,123,124,124,129,134
NOVA CONSTITUINTE,9410,0,0,0,0,3,3,3,3,3,3,3,3,3,3,3,3,3,3,3,3,3,2,1,9,10,9,9,9,10,3,3,3,6,6,20,36,40,40,44,44,44,44,44,44,44,44,44,44,52,52,52,52,52,52,52,52,52,52,52,52,52,52,52,52,35,35
SÃO GONÇALO,17275,0,0,0,0,1,1,2,2,2,2,2,2,3,3,3,4,4,4,4,5,9,47,70,86,88,89,91,91,99,94,97,97,99,104,140,145,157,173,178,188,188,191,193,193,196,197,223,227,247,251,255,269,298,312,318,343,347,346,353,349,355,358,373,374,389,399
SARAMANDAIA,11272,0,0,0,0,1,1,1,1,1,1,1,1,1,1,1,1,1,1,1,2,4,10,11,20,20,20,21,22,27,28,29,31,32,33,35,45,51,56,57,59,59,60,64,64,64,64,79,81,85,101,103,112,117,126,126,133,135,134,137,136,138,138,146,146,152,156
BOA VISTA DE SÃO CAETANO,17688,0,0,0,0,0,2,2,2,2,9,12,12,13,13,13,14,14,15,15,16,18,56,79,91,93,94,97,98,117,112,113,116,123,126,179,187,190,193,196,200,200,209,211,214,216,216,232,235,243,247,251,257,276,281,285,300,313,305,316,314,318,320,324,324,330,333
CANABRAVA,13664,0,0,0,0,0,1,1,1,1,1,3,3,6,6,6,7,7,8,11,16,25,54,73,95,98,102,105,106,114,106,106,110,112,114,159,170,173,194,196,205,208,208,208,208,208,208,219,219,232,240,241,245,268,276,277,292,302,302,310,306,313,318,326,326,328,336
CURUZU,16681,0,0,0,0,0,2,2,2,2,2,3,3,4,5,5,6,6,8,9,15,23,74,91,99,102,104,106,108,112,99,99,100,103,109,158,167,175,177,179,179,179,179,179,179,182,182,205,210,224,231,233,244,259,268,270,284,288,285,291,290,292,296,304,304,315,320
FAZENDA GRANDE IV,4774,0,0,0,0,0,1,1,1,1,1,1,1,1,1,1,1,1,1,1,2,2,3,6,9,9,10,10,10,10,10,10,10,10,11,15,25,29,29,29,29,49,52,52,59,59,59,63,64,65,67,67,69,86,94,100,116,119,117,134,130,142,149,161,162,168,169
PAU MIÚDO,20740,1,1,1,1,1,2,3,4,4,4,4,4,5,5,5,6,6,6,9,18,25,77,119,136,140,149,150,153,171,160,160,164,173,177,253,270,280,308,313,332,332,332,332,334,337,337,380,380,389,401,401,408,429,443,453,485,500,490,510,507,510,515,534,536,547,555
RIO SENA,16379,0,0,0,0,0,2,2,2,2,2,2,2,2,2,3,3,3,5,7,12,23,59,69,79,81,86,88,89,98,92,92,95,99,104,121,135,145,160,162,166,168,168,168,169,171,172,187,188,196,197,198,205,224,227,230,247,250,248,256,254,260,264,270,270,277,282
SANTA MÔNICA,7389,0,0,0,0,0,1,1,1,1,2,2,2,2,4,4,8,8,8,8,13,13,20,35,44,44,49,48,51,52,48,48,51,53,54,81,94,94,98,101,101,101,101,101,101,101,101,105,105,113,113,113,117,118,118,118,125,128,126,129,129,129,130,133,133,133,134
SANTO AGOSTINHO,4796,0,0,0,0,0,1,2,2,2,2,2,2,2,2,2,2,2,2,2,4,6,4,3,5,5,5,5,5,5,5,5,5,5,5,7,8,8,8,8,9,9,9,9,9,9,9,9,9,10,10,10,10,10,10,10,12,12,12,12,12,12,12,12,12,11,11
BOA VIAGEM,2322,0,0,0,0,0,0,1,1,1,1,1,1,1,1,1,2,2,2,2,4,7,19,42,41,42,45,46,47,49,44,45,45,47,47,54,70,71,112,112,115,115,115,115,115,115,115,119,121,123,124,125,126,128,129,130,135,136,136,136,136,136,136,136,136,138,138
CAJAZEIRAS V,5422,0,0,0,0,0,0,1,1,1,1,1,1,2,2,2,4,4,4,4,4,7,12,9,15,16,20,21,21,27,27,27,27,27,27,38,38,39,41,44,48,61,64,64,69,70,70,74,75,76,80,80,82,91,96,96,104,108,105,112,111,112,116,121,121,121,121
SÃO RAFAEL,25790,0,0,0,0,0,0,1,1,1,1,1,1,1,1,1,2,2,2,2,2,3,5,8,8,8,11,11,11,12,12,12,13,15,15,19,19,19,20,20,21,21,21,21,21,21,21,44,45,49,49,49,51,51,51,51,53,53,53,54,54,54,55,55,55,55,56
GRANJAS RURAIS PRESIDENTE VARGAS,1998,0,0,0,0,0,0,0,2,2,2,2,2,2,2,2,2,2,2,2,2,2,3,6,7,7,7,7,7,7,7,7,7,7,7,9,12,12,12,12,14,14,14,15,15,15,15,17,17,18,18,18,22,28,29,29,35,38,38,38,38,40,42,42,42,41,42
ITINGA,11951,0,0,0,0,0,0,0,1,1,,,,,,,,,,,,,10,17,18,18,34,21,21,23,20,20,21,23,24,44,53,53,56,59,63,63,63,63,63,63,63,69,69,71,73,74,75,78,82,83,86,87,87,87,87,87,87,88,88,88,89
JARDIM SANTO INÁCIO,8670,0,0,0,0,0,0,0,2,2,2,4,4,4,4,4,4,4,4,5,11,13,20,32,35,37,39,39,41,49,44,47,52,52,52,75,83,86,90,95,98,98,98,98,98,98,98,101,103,111,113,113,120,134,139,142,158,158,158,160,159,161,163,170,170,174,174
NARANDIBA,14368,0,0,0,0,0,0,0,1,1,5,5,6,6,7,8,8,8,8,8,17,21,52,62,85,87,94,94,94,98,95,96,99,101,105,122,142,153,164,168,180,181,181,181,185,186,187,205,210,227,236,237,255,271,280,285,313,321,316,329,327,331,337,342,342,346,347
SAÚDE,6232,0,0,0,0,0,0,0,3,3,3,3,3,3,3,3,3,3,3,3,3,3,17,23,26,27,28,28,28,33,36,40,42,44,46,72,80,80,80,80,80,80,80,80,80,80,80,81,85,89,89,89,92,97,101,101,107,111,109,114,112,115,115,117,117,122,122
ALTO DAS POMBAS,3823,0,0,0,0,0,0,0,0,1,1,1,2,2,2,2,2,2,2,2,4,11,25,37,47,47,50,50,50,52,52,54,54,54,55,66,77,77,82,84,87,87,87,88,91,92,92,101,103,106,114,118,128,138,144,146,158,159,159,160,160,163,166,173,173,176,177
ROMA,3636,0,0,0,0,0,0,0,0,2,2,2,2,2,2,2,5,5,6,6,9,9,19,19,26,29,32,33,33,39,33,33,33,34,34,39,53,54,67,67,78,78,78,78,78,78,78,85,85,92,92,92,95,100,100,101,104,105,104,105,105,105,106,107,107,107,107
CAJAZEIRAS VIII,13013,0,0,0,0,0,0,0,0,0,2,2,3,3,3,3,3,3,3,3,4,5,24,28,33,35,38,38,41,46,35,36,40,40,42,66,73,77,77,79,81,125,140,140,161,163,163,169,170,178,178,178,186,213,232,240,269,276,271,306,300,315,328,347,347,354,356
CAJAZEIRAS X,8513,0,0,0,0,0,0,0,0,0,2,2,2,2,2,3,3,3,3,3,6,8,20,24,26,26,26,28,27,29,30,31,35,36,38,61,71,71,71,74,74,98,125,126,140,140,140,144,148,150,153,155,160,193,207,210,244,256,249,285,275,305,315,331,331,335,336
CALABAR,6484,0,0,0,0,0,0,0,0,0,1,1,1,1,1,1,1,1,1,1,1,4,3,5,8,8,8,8,8,10,11,11,12,13,14,20,22,27,28,28,29,29,29,29,29,29,29,36,37,44,44,44,44,46,46,46,47,47,47,47,47,47,47,50,50,53,53
CASTELO BRANCO,33510,0,0,0,0,0,0,0,0,0,1,1,2,3,5,5,5,5,6,8,20,35,111,150,195,206,219,222,224,238,234,236,245,258,263,343,355,368,410,421,439,440,440,440,446,446,447,495,499,516,525,531,551,608,635,647,736,796,771,849,831,877,912,958,959,969,973
SÃO JOÃO DO CABRITO,21284,0,0,0,0,0,0,0,0,0,1,1,1,1,1,2,2,2,2,2,3,5,17,20,25,25,28,27,27,27,28,28,28,28,29,37,44,47,50,55,59,59,59,59,59,59,59,59,59,77,77,77,77,77,77,77,77,77,77,77,77,77,78,78,78,79,83
TORORÓ,4717,0,0,0,0,0,0,0,0,0,1,1,1,1,1,1,1,1,1,3,3,5,15,27,32,33,35,35,35,39,43,43,43,43,44,56,65,69,71,75,78,106,106,106,106,106,106,106,106,110,120,122,128,144,152,153,161,165,163,167,166,167,168,171,171,172,174
CAJAZEIRAS VI,7341,0,0,0,0,0,0,0,0,0,0,2,2,2,2,4,4,4,4,4,6,7,9,13,17,17,21,21,20,23,18,20,21,21,21,27,36,36,36,36,40,40,40,40,48,49,49,51,51,54,54,54,54,64,69,74,75,78,75,85,83,88,89,90,90,96,96
FAZENDA GRANDE I,11459,0,0,0,0,0,0,0,0,0,0,2,2,2,2,2,2,2,2,2,4,9,10,14,18,17,18,20,20,23,23,24,24,24,24,37,50,54,58,60,61,99,99,99,99,99,99,99,99,99,99,99,99,117,133,137,148,150,148,166,161,175,178,189,190,191,193
LUIZ ANSELMO,11503,0,0,0,0,0,0,0,0,0,0,1,2,2,2,2,3,3,3,3,4,6,51,74,89,94,101,102,103,108,104,104,106,110,112,148,161,171,179,181,188,188,188,188,188,188,189,198,199,204,204,206,208,222,225,226,235,239,238,241,240,244,250,254,255,256,257
CABULA VI,10728,0,0,0,0,0,0,0,0,0,0,0,0,1,1,2,4,4,4,4,,,45,65,75,82,82,82,82,90,86,92,93,94,97,140,171,180,217,222,227,228,228,228,228,229,229,267,274,279,294,299,314,331,345,349,369,372,369,381,376,382,382,393,393,403,405
TROBOGY,7158,0,0,0,0,0,0,0,0,0,0,0,0,2,2,4,4,4,4,4,5,7,14,23,31,32,35,37,37,41,42,43,47,52,55,74,85,88,93,93,100,102,102,102,104,104,104,109,109,111,114,115,117,125,129,132,137,142,140,145,144,145,146,151,152,153,154
MATATU,10542,0,0,0,0,0,0,0,0,0,0,0,0,0,0,3,6,7,7,8,16,23,69,91,110,112,122,124,126,137,125,128,129,150,157,213,225,238,257,258,270,270,270,270,270,275,276,303,306,317,318,319,323,349,356,357,379,385,382,389,388,389,392,407,408,411,418
NOVO MAROTINHO,4238,0,0,0,0,0,0,0,0,0,0,0,0,0,0,1,1,1,1,1,2,3,4,6,8,8,10,10,9,10,12,12,12,12,17,22,24,25,28,28,28,28,28,28,29,29,29,35,35,36,36,40,41,43,45,46,55,55,55,56,56,56,57,58,58,59,59
ARRAIAL DO RETIRO,8938,0,0,0,0,0,0,0,0,0,0,0,0,0,0,0,2,2,2,3,9,15,19,28,39,41,41,43,43,46,38,38,40,45,45,57,60,62,67,69,71,71,71,71,71,73,73,81,82,88,89,89,91,99,103,103,111,113,113,114,113,114,115,116,116,119,124
CALABETÃO,7298,0,0,0,0,0,0,0,0,0,0,0,0,0,0,0,1,1,2,2,3,7,22,30,32,35,38,38,38,43,39,39,40,42,45,53,73,75,80,81,83,83,83,83,83,83,83,92,92,96,98,98,100,106,107,107,119,120,120,120,120,120,120,125,125,126,127
BARREIRAS,17960,0,0,0,0,0,0,0,0,0,0,0,0,0,0,0,0,1,1,3,13,15,30,58,72,76,80,81,81,66,59,59,61,65,65,95,134,134,135,138,143,143,143,143,144,146,146,168,171,188,207,214,221,249,263,267,282,287,283,293,292,294,298,304,304,314,323
PALESTINA,6007,0,0,0,0,0,0,0,0,0,0,0,0,0,0,0,0,0,0,1,4,8,35,42,43,43,43,43,42,50,50,51,51,52,52,65,75,79,83,83,87,87,87,87,87,87,87,87,87,87,87,87,87,87,87,87,90,93,91,93,93,93,97,98,98,100,102
CHAPADA DO RIO VERMELHO,21955,0,0,0,0,0,0,0,0,0,0,0,0,0,0,0,0,0,0,0,2,2,2,5,5,6,7,8,8,9,8,8,8,9,10,10,15,15,19,20,22,22,22,22,22,22,22,25,25,25,26,26,27,29,31,32,44,47,46,49,49,50,50,57,57,63,68
COMÉRCIO,1345,0,0,0,0,0,0,0,0,0,0,0,0,0,0,0,0,0,0,0,1,1,7,7,13,14,15,15,15,18,15,15,16,17,19,38,42,44,48,51,54,54,54,54,54,54,54,54,54,54,54,54,57,58,60,63,65,66,65,66,66,66,67,70,70,74,75
MACAÚBAS,8556,0,0,0,0,0,0,0,0,0,0,0,0,0,0,0,0,0,0,0,5,7,22,28,32,34,38,39,40,43,40,42,45,47,50,67,74,83,92,95,100,100,100,100,101,101,101,108,108,112,113,114,115,128,132,132,137,141,139,147,146,148,150,155,155,159,160
MARES,2359,0,0,0,0,0,0,0,0,0,0,0,0,0,0,0,0,0,0,0,4,4,8,14,19,19,18,18,19,21,18,18,18,21,21,30,37,37,41,41,45,45,45,45,45,45,45,45,45,45,45,45,45,46,46,47,52,53,52,53,53,54,54,54,54,53,53
NOVA ESPERANÇA,6732,0,0,0,0,0,0,0,0,0,0,0,0,0,0,0,0,0,0,0,1,2,13,18,23,23,26,26,27,32,28,28,28,30,30,48,56,59,63,66,69,69,69,69,69,69,69,69,69,69,69,69,71,73,73,73,78,80,80,80,80,80,80,80,80,81,82
NOVA SUSSUARANA,12206,0,0,0,0,0,0,0,0,0,0,0,0,0,0,0,0,0,0,0,8,8,8,11,12,13,13,13,13,17,17,17,18,19,23,27,32,35,35,35,36,36,36,36,36,36,36,42,42,43,47,47,47,53,53,53,57,57,57,62,62,62,62,65,65,65,66
SÃO TOMÉ,7207,0,0,0,0,0,0,0,0,0,0,0,0,0,0,0,0,0,0,0,6,8,27,34,44,45,45,46,47,49,44,44,45,46,49,67,76,79,88,89,93,93,93,93,94,94,94,113,113,118,118,118,119,127,132,132,141,142,141,143,142,143,144,147,147,147,147
AREIA BRANCA,2594,0,0,0,0,0,0,0,0,0,0,0,0,0,0,0,0,0,0,0,0,0,4,6,7,6,8,7,7,7,4,4,4,4,4,10,13,16,20,23,27,27,27,27,27,27,27,27,27,27,27,27,27,27,27,27,27,27,27,27,27,27,27,27,27,23,24
BOA VISTA DE BROTAS,2964,0,0,0,0,0,0,0,0,0,0,0,0,0,0,0,0,0,0,0,0,0,2,3,3,3,3,3,4,4,3,3,3,3,4,7,14,18,21,25,15,15,15,15,15,15,15,15,15,16,16,16,16,16,16,16,18,19,18,19,19,19,20,20,20,20,20
CAJAZEIRAS IV,3364,0,0,0,0,0,0,0,0,0,0,0,0,0,0,0,0,0,0,0,0,0,4,6,9,9,9,9,9,9,7,7,8,8,8,13,21,21,21,25,25,29,29,30,37,37,37,41,41,41,41,41,41,46,50,52,58,67,60,73,73,74,75,78,78,82,83
CAJAZEIRAS VII,4524,0,0,0,0,0,0,0,0,0,0,0,0,0,0,0,0,0,0,0,0,0,3,7,9,9,11,11,11,13,13,13,13,13,13,15,18,18,20,21,22,26,61,61,63,64,65,71,72,78,81,81,84,101,113,115,132,139,135,150,147,152,159,173,173,173,174
CALÇADA,5024,0,0,0,0,0,0,0,0,0,0,0,0,0,0,0,0,0,0,0,0,0,11,19,22,23,23,23,23,22,26,26,26,26,26,30,36,37,41,41,42,43,43,43,43,43,44,53,54,56,58,58,60,63,65,65,65,66,65,67,66,67,67,69,69,69,70
CENTRO HISTÓRICO,2253,0,0,0,0,0,0,0,0,0,0,0,0,0,0,0,0,0,0,0,0,0,6,8,9,9,9,9,9,9,9,9,10,10,10,11,12,12,12,12,13,13,13,13,13,13,13,14,15,16,18,18,20,22,22,22,23,23,23,23,23,23,24,24,24,97,99
ILHA DE MARÉ,4236,0,0,0,0,0,0,0,0,0,0,0,0,0,0,0,0,0,0,0,0,0,28,35,49,60,64,64,64,78,78,78,78,78,78,102,122,122,127,127,128,128,128,128,130,130,130,131,131,132,132,132,135,136,136,136,136,136,136,136,136,137,139,139,139,139,139
LAPINHA,5004,0,0,0,0,0,0,0,0,0,0,0,0,0,0,0,0,0,0,0,0,0,4,7,9,9,10,10,10,10,10,10,11,13,13,18,28,28,33,33,36,36,36,36,36,36,36,37,37,37,37,37,38,40,41,41,43,46,45,46,46,46,46,47,47,48,48
PORTO SECO PIRAJÁ,72,0,0,0,0,0,0,0,0,0,0,0,0,0,0,0,0,0,0,0,0,0,2,0,0,0,0,0,0,0,0,0,0,0,0,0,0,0,0,0,2,2,2,0,2,2,2,2,2,2,2,2,2,2,2,3,3,4,4,5,5,5,5,5,5,5,5
SANTO ANTÔNIO,4170,0,0,0,0,0,0,0,0,0,0,0,0,0,0,0,0,0,0,0,0,0,6,13,15,17,19,19,18,21,20,20,21,24,27,50,69,69,69,69,73,73,73,73,73,73,73,73,73,73,73,73,73,77,79,79,84,86,86,86,86,86,88,90,90,94,95
VALE DAS PEDRINHAS,5162,0,0,0,0,0,0,0,0,0,0,0,0,0,0,0,0,0,0,0,0,0,8,15,21,21,22,22,22,23,21,22,22,22,23,29,33,35,39,39,41,41,41,41,41,41,41,49,52,53,60,61,64,70,73,74,94,103,98,104,104,104,105,132,132,144,147
ILHA DOS FRADES,733,0,0,0,0,0,0,0,0,0,0,0,0,0,0,0,0,0,0,0,0,0,0,1,1,1,1,1,1,1,1,1,1,1,1,1,1,1,1,1,1,1,1,1,1,1,1,1,1,1,1,1,1,1,1,1,1,1,1,1,1,1,1,2,3,3,3
MORADAS DA LAGOA,16189,0,0,0,0,0,0,0,0,0,0,0,0,0,0,0,0,0,0,0,0,0,0,2,2,2,2,2,2,2,2,2,2,2,2,2,4,6,10,14,18,18,18,18,18,18,18,18,18,18,18,18,18,18,18,18,18,18,18,18,18,18,18,18,18,5,5
SANTA LUZIA,7702,0,0,0,0,0,0,0,0,0,0,0,0,0,0,0,0,0,0,0,0,0,0,2,3,3,4,3,3,3,2,2,2,2,2,5,8,12,15,15,15,15,15,15,15,15,15,15,15,15,15,15,15,15,15,15,15,15,15,15,15,15,15,15,15,9,9
AEROPORTO,-,0,0,0,0,0,0,0,0,0,0,0,0,0,0,0,0,0,0,0,0,0,0,0,0,0,2,2,2,3,3,3,3,3,3,3,3,3,5,5,5,5,5,5,5,5,5,7,7,8,8,8,8,9,9,9,9,9,9,9,9,9,9,9,9,10,10
CENTRO ADMINISTRATIVO DA BAHIA,-,0,0,0,0,0,0,0,0,0,0,0,0,0,0,0,0,0,0,0,0,0,0,0,0,0,2,2,2,3,3,3,3,3,4,11,20,24,24,24,24,24,24,24,24,24,24,24,24,24,24,24,24,27,28,28,30,30,30,32,32,32,32,35,35,35,35
ILHA DE BOM JESUS DOS PASSOS,1465,0,0,0,0,0,0,0,0,0,0,0,0,0,0,0,0,0,0,0,0,0,0,0,0,0,1,1,1,2,2,2,2,2,2,3,4,4,4,4,4,4,4,4,4,4,4,5,5,5,5,5,5,5,5,5,7,7,7,7,7,7,7,7,7,13,13
COLINAS DE PERIPERI,-,0,0,0,0,0,0,0,0,0,0,0,0,0,0,0,0,0,0,0,0,0,0,0,0,0,0,0,0,0,0,0,0,0,0,0,0,0,0,0,0,0,0,0,0,0,0,0,0,0,0,0,0,0,0,0,0,0,0,0,0,0,0,0,0,7,7
DOIS DE JULHO,-,0,0,0,0,0,0,0,0,0,0,0,0,0,0,0,0,0,0,0,0,0,0,0,0,0,0,0,0,0,0,0,0,0,0,0,0,0,0,0,0,0,0,0,0,0,0,0,0,0,0,0,0,0,0,0,0,0,0,0,0,0,0,0,0,342,347
HORTO FLORESTAL,-,0,0,0,0,0,0,0,0,0,0,0,0,0,0,0,0,0,0,0,0,0,0,0,0,0,0,0,0,0,0,0,0,0,0,0,0,0,0,0,0,0,0,0,0,0,0,0,0,0,0,0,0,0,0,0,0,0,0,0,0,0,0,0,0,291,295
ILHA AMARELA,-,0,0,0,0,0,0,0,0,0,0,0,0,0,0,0,0,0,0,0,0,0,0,0,0,0,0,0,0,0,0,0,0,0,0,0,0,0,0,0,0,0,0,0,0,0,0,0,0,0,0,0,0,0,0,0,0,0,0,0,0,0,0,0,0,108,109
MIRANTES DE PERIPERI,-,0,0,0,0,0,0,0,0,0,0,0,0,0,0,0,0,0,0,0,0,0,0,0,0,0,0,0,0,0,0,0,0,0,0,0,0,0,0,0,0,0,0,0,0,0,0,0,0,0,0,0,0,0,0,0,0,0,0,0,0,0,0,0,0,54,55
VISTA ALEGRE,-,0,0,0,0,0,0,0,0,0,0,0,0,0,0,0,0,0,0,0,0,0,0,0,0,0,0,0,0,0,0,0,0,0,0,0,0,0,0,0,0,0,0,0,0,0,0,0,0,0,0,0,0,0,0,0,0,0,0,0,0,0,0,0,0,35,35
